Area Code,Area,Item Code,Item,Element Code,Element,Unit,Y1991,Y1991F,Y1992,Y1992F,Y1993,Y1993F,Y1994,Y1994F,Y1995,Y1995F,Y1996,Y1996F,Y1997,Y1997F,Y1998,Y1998F,Y1999,Y1999F,Y2000,Y2000F,Y2001,Y2001F,Y2002,Y2002F,Y2003,Y2003F,Y2004,Y2004F,Y2005,Y2005F,Y2006,Y2006F,Y2007,Y2007F,Y2008,Y2008F,Y2009,Y2009F,Y2010,Y2010F,Y2011,Y2011F,Y2012,Y2012F,Y2013,Y2013F,Y2014,Y2014F,Y2015,Y2015F,Y2016,Y2016F,Y2017,Y2017F
149,Nepal,221,"Almonds, with shell",5530,Producer Price (LCU/tonne),LCU,,,,,,,,,,,,,,,,,,,,,74405,,79974,,82693,,86634,,85790,,90080,,110798,,124550.4,F,128211,F,165143.8,F,284722.2,,293263.9,,298260,,301839.1,,305461.2,,297405.5,,291457.4,
149,Nepal,221,"Almonds, with shell",5531,Producer Price (SLC/tonne),SLC,,,,,,,,,,,,,,,,,,,,,74405,,79974,,82693,,86634,,85790,,90080,,110798,,124550.4,F,128211,F,165143.8,F,284722.2,,293263.9,,298260,,301839.1,,305461.2,,297405.5,,291457.4,
149,Nepal,221,"Almonds, with shell",5532,Producer Price (USD/tonne),USD,,,,,,,,,,,,,,,,,,,,,992.7,,1026.9,,1086,,1175.9,,1202.1,,1238.1,,1668.3,,1785.4,F,1652.8,F,2254.1,F,3846.6,,3442.2,,3207.3,,3029.7,,2975.9,,2767.6,,2789.9,
149,Nepal,515,Apples,5530,Producer Price (LCU/tonne),LCU,,,,,,,,,,,,,,,,,,,,,27249,,27662,,29033,,30471,,28813,,30320,,32442,,36137.4,,53794,,71008.1,,62000,,65000,,67489.9,,68299.8,,69119.4,,69761.1,,76039.6,
149,Nepal,515,Apples,5531,Producer Price (SLC/tonne),SLC,,,,,,,,,,,,,,,,,,,,,27249,,27662,,29033,,30471,,28813,,30320,,32442,,36137.4,,53794,,71008.1,,62000,,65000,,67489.9,,68299.8,,69119.4,,69761.1,,76039.6,
149,Nepal,515,Apples,5532,Producer Price (USD/tonne),USD,,,,,,,,,,,,,,,,,,,,,363.6,,355.2,,381.3,,413.6,,403.7,,416.7,,488.5,,518,,693.5,,969.2,,837.6,,762.9,,725.7,,685.6,,673.4,,649.2,,727.9,
149,Nepal,526,Apricots,5530,Producer Price (LCU/tonne),LCU,,,,,,,,,,,,,,,,,,,,,20622,,22855,,19949,,21775,,25119,,22936,,24541,,27587.1,F,40692.8,,53714.5,,52900,,41100,,49240,,49830.9,,50428.8,,50897.1,,55477.8,
149,Nepal,526,Apricots,5531,Producer Price (SLC/tonne),SLC,,,,,,,,,,,,,,,,,,,,,20622,,22855,,19949,,21775,,25119,,22936,,24541,,27587.1,F,40692.8,,53714.5,,52900,,41100,,49240,,49830.9,,50428.8,,50897.1,,55477.8,
149,Nepal,526,Apricots,5532,Producer Price (USD/tonne),USD,,,,,,,,,,,,,,,,,,,,,275.1,,293.5,,262,,295.6,,352,,315.2,,369.5,,395.4,F,524.6,,733.2,,714.7,,482.4,,529.5,,500.2,,491.3,,473.6,,531,
149,Nepal,226,Areca nuts,5530,Producer Price (LCU/tonne),LCU,,,,,,,,,,,,,,,,,,,,,24919,,26182,,24788,,26892,,25853,,27500,,33825,,38023.4,F,39140.9,F,50416,F,52500,,53500,,55650,,56317.8,,56993.6,,55490.6,,54380.7,
149,Nepal,226,Areca nuts,5531,Producer Price (SLC/tonne),SLC,,,,,,,,,,,,,,,,,,,,,24919,,26182,,24788,,26892,,25853,,27500,,33825,,38023.4,F,39140.9,F,50416,F,52500,,53500,,55650,,56317.8,,56993.6,,55490.6,,54380.7,
149,Nepal,226,Areca nuts,5532,Producer Price (USD/tonne),USD,,,,,,,,,,,,,,,,,,,,,332.5,,336.2,,325.6,,365,,362.3,,378,,509.3,,545,F,504.6,F,688.2,F,709.3,,628,,598.4,,565.3,,555.3,,516.4,,520.5,
149,Nepal,486,Bananas,5530,Producer Price (LCU/tonne),LCU,,,,,,,,,,,,,,,,,,,,,16527,,20023,,18596,,18263,,18191,,17523,,18749,,20884.9,,31089.2,,41037.7,,25500,,27000,,27000,,27324,,27651.9,,27908.6,,30420.4,
149,Nepal,486,Bananas,5531,Producer Price (SLC/tonne),SLC,,,,,,,,,,,,,,,,,,,,,16527,,20023,,18596,,18263,,18191,,17523,,18749,,20884.9,,31089.2,,41037.7,,25500,,27000,,27000,,27324,,27651.9,,27908.6,,30420.4,
149,Nepal,486,Bananas,5532,Producer Price (USD/tonne),USD,,,,,,,,,,,,,,,,,,,,,220.5,,257.1,,244.2,,247.9,,254.9,,240.8,,282.3,,299.4,,400.8,,560.1,,344.5,,316.9,,290.3,,274.3,,269.4,,259.7,,291.2,
149,Nepal,44,Barley,5530,Producer Price (LCU/tonne),LCU,,,,,,,,,,,,,,,,,,,,,,,,,,,,,,,,,,,15381.1,,17016.1,,21502,,22250,,22974.6,,23880,,25790,,27854,,28700.4,,29039,
149,Nepal,44,Barley,5531,Producer Price (SLC/tonne),SLC,,,,,,,,,,,,,,,,,,,,,,,,,,,,,,,,,,,15381.1,,17016.1,,21502,,22250,,22974.6,,23880,,25790,,27854,,28700.4,,29039,
149,Nepal,44,Barley,5532,Producer Price (USD/tonne),USD,,,,,,,,,,,,,,,,,,,,,,,,,,,,,,,,,,,220.5,,219.4,,293.5,,300.6,,269.7,,256.8,,258.9,,271.4,,267.1,,278,
149,Nepal,89,Buckwheat,5530,Producer Price (LCU/tonne),LCU,,,,,,,,,,,,,,,,,,,,,,,,,,,,,,,,,,,,,,,,,26000,,38000,,38000,,41040,,44323,,45670.6,,46209.5,
149,Nepal,89,Buckwheat,5531,Producer Price (SLC/tonne),SLC,,,,,,,,,,,,,,,,,,,,,,,,,,,,,,,,,,,,,,,,,26000,,38000,,38000,,41040,,44323,,45670.6,,46209.5,
149,Nepal,89,Buckwheat,5532,Producer Price (USD/tonne),USD,,,,,,,,,,,,,,,,,,,,,,,,,,,,,,,,,,,,,,,,,351.3,,446,,408.6,,411.9,,431.8,,425,,442.3,
149,Nepal,191,Chick peas,5530,Producer Price (LCU/tonne),LCU,,,,,,,,,,,,,,,,,,,,,34034,,34476,,34791,,36584,,38029,,40792,,48950,,55478.4,,83088.9,,83088.9,,73250,,77000.4,,77000,,77924,,78859,,93154.9,,96345.5,
149,Nepal,191,Chick peas,5531,Producer Price (SLC/tonne),SLC,,,,,,,,,,,,,,,,,,,,,34034,,34476,,34791,,36584,,38029,,40792,,48950,,55478.4,,83088.9,,83088.9,,73250,,77000.4,,77000,,77924,,78859,,93154.9,,96345.5,
149,Nepal,191,Chick peas,5532,Producer Price (USD/tonne),USD,,,,,,,,,,,,,,,,,,,,,454.1,,442.7,,456.9,,496.6,,532.9,,560.7,,737,,795.3,,1071.1,,1134.1,,989.6,,903.8,,828,,782.2,,768.3,,866.9,,922.2,
149,Nepal,689,"Chillies and peppers, dry",5530,Producer Price (LCU/tonne),LCU,,,,,,,,,,,,,,,,,,,,,23615,,23022,,23887,,28078,,24030,,23870,,29360,,,,,,,,,,,,,,,,,,,,,
149,Nepal,689,"Chillies and peppers, dry",5531,Producer Price (SLC/tonne),SLC,,,,,,,,,,,,,,,,,,,,,23615,,23022,,23887,,28078,,24030,,23870,,29360,,,,,,,,,,,,,,,,,,,,,
149,Nepal,689,"Chillies and peppers, dry",5532,Producer Price (USD/tonne),USD,,,,,,,,,,,,,,,,,,,,,315.1,,295.6,,313.7,,381.1,,336.7,,328.1,,442.1,,,,,,,,,,,,,,,,,,,,,
149,Nepal,401,"Chillies and peppers, green",5530,Producer Price (LCU/tonne),LCU,,,,,,,,,,,,,99050,,87793,,104537,,110143,,106825,F,103507,,101083,,106666,,119176,,123268,,75948.4,F,28628.8,,49104.6,,66782.3,,74098.4,,76321.4,,119100,,120529,,,,,,,
149,Nepal,401,"Chillies and peppers, green",5531,Producer Price (SLC/tonne),SLC,,,,,,,,,,,,,99050,,87793,,104537,,110143,,106825,F,103507,,101083,,106666,,119176,,123268,,75948.4,F,28628.8,,49104.6,,66782.3,,74098.4,,76321.4,,119100,,120529,,,,,,,
149,Nepal,401,"Chillies and peppers, green",5532,Producer Price (USD/tonne),USD,,,,,,,,,,,,,1707.5,,1330.7,,1531.9,,1549.3,,1425.3,F,1329.1,,1327.6,,1447.8,,1669.9,,1694.3,,1143.5,F,410.4,,633,,911.5,,1001.1,,895.8,,1280.7,,1209.8,,,,,,,
149,Nepal,249,Coconuts,5530,Producer Price (LCU/tonne),LCU,,,,,,,,,,,,,,,,,,,,,,,,,,,,,,,,,,,,,,,,,90000,,90000,,90000,,91080,,92173,,89742.1,,87947.3,
149,Nepal,249,Coconuts,5531,Producer Price (SLC/tonne),SLC,,,,,,,,,,,,,,,,,,,,,,,,,,,,,,,,,,,,,,,,,90000,,90000,,90000,,91080,,92173,,89742.1,,87947.3,
149,Nepal,249,Coconuts,5532,Producer Price (USD/tonne),USD,,,,,,,,,,,,,,,,,,,,,,,,,,,,,,,,,,,,,,,,,1215.9,,1056.4,,967.8,,914.2,,898,,835.1,,841.9,
149,Nepal,656,"Coffee, green",5530,Producer Price (LCU/tonne),LCU,,,,,,,,,,,,,,,,,,,,,85000,,90000,,90000,,95000,,97680,,100430,,106456,,108159.1,,108000,,108000,,108000,,112361.3,,113936.1,,131824.1,,152520.5,,158447.8,,163835,
149,Nepal,656,"Coffee, green",5531,Producer Price (SLC/tonne),SLC,,,,,,,,,,,,,,,,,,,,,85000,,90000,,90000,,95000,,97680,,100430,,106456,,108159.1,,108000,,108000,,108000,,112361.3,,113936.1,,131824.1,,152520.5,,158447.8,,163835,
149,Nepal,656,"Coffee, green",5532,Producer Price (USD/tonne),USD,,,,,,,,,,,,,,,,,,,,,1134.1,,1155.7,,1182,,1289.5,,1368.7,,1380.4,,1602.9,,1550.4,,1392.2,,1474.2,,1459.1,,1318.8,,1225.2,,1323.2,,1485.9,,1474.5,,1568.3,
149,Nepal,767,Cotton lint,5530,Producer Price (LCU/tonne),LCU,,,,,,,,,,,,,,,,,,,,,41179,,52547,,49573,,45358,,55445,,60000,,68400,,70924.5,,83404,,48327.3,,50000,,50000,,62000,,71300,,81995,,85181.5,,88099,
149,Nepal,767,Cotton lint,5531,Producer Price (SLC/tonne),SLC,,,,,,,,,,,,,,,,,,,,,41179,,52547,,49573,,45358,,55445,,60000,,68400,,70924.5,,83404,,48327.3,,50000,,50000,,62000,,71300,,81995,,85181.5,,88099,
149,Nepal,767,Cotton lint,5532,Producer Price (USD/tonne),USD,,,,,,,,,,,,,,,,,,,,,549.4,,674.7,,651.1,,615.7,,776.9,,824.7,,1029.9,,1016.7,,1075.2,,659.6,,675.5,,586.9,,666.7,,715.7,,798.8,,792.7,,843.3,
149,Nepal,329,Cottonseed,5530,Producer Price (LCU/tonne),LCU,,,,,,,,,,,,,,,,,,,,,2058.9,Fc,2627.4,Fc,2478.6,Fc,2267.9,Fc,2772.3,Fc,3000,Fc,3420,Fc,3546.2,Fc,4170.2,Fc,2416.4,Fc,2549,Fc,3100,Fc,3100,Fc,3565,Fc,4099.8,Fc,4259.1,Fc,,
149,Nepal,329,Cottonseed,5531,Producer Price (SLC/tonne),SLC,,,,,,,,,,,,,,,,,,,,,2058.9,Fc,2627.4,Fc,2478.6,Fc,2267.9,Fc,2772.3,Fc,3000,Fc,3420,Fc,3546.2,Fc,4170.2,Fc,2416.4,Fc,2549,Fc,3100,Fc,3100,Fc,3565,Fc,4099.8,Fc,4259.1,Fc,,
149,Nepal,329,Cottonseed,5532,Producer Price (USD/tonne),USD,,,,,,,,,,,,,,,,,,,,,27.5,Fc,33.7,Fc,32.6,Fc,30.8,Fc,38.8,Fc,41.2,Fc,51.5,Fc,50.8,Fc,53.8,Fc,33,Fc,34.4,Fc,36.4,Fc,33.3,Fc,35.8,Fc,39.9,Fc,39.6,Fc,,
149,Nepal,1062,"Eggs, hen, in shell",5530,Producer Price (LCU/tonne),LCU,,,,,,,,,,,,,76000,,78500,,83180,,86840,,89800,,90500,,93000,,93120,,100440,,99580,,103360,,80370.1,,109663.7,,136000,,172000,,206000,,210000,,211260,,212520,,238760,,257383.5,
149,Nepal,1062,"Eggs, hen, in shell",5531,Producer Price (SLC/tonne),SLC,,,,,,,,,,,,,76000,,78500,,83180,,86840,,89800,,90500,,93000,,93120,,100440,,99580,,103360,,80370.1,,109663.7,,136000,,172000,,206000,,210000,,211260,,212520,,238760,,257383.5,
149,Nepal,1062,"Eggs, hen, in shell",5532,Producer Price (USD/tonne),USD,,,,,,,,,,,,,1310.1,,1189.8,,1218.9,,1221.5,,1198.1,,1162.1,,1221.4,,1264,,1407.4,,1368.7,,1556.3,,1152.1,,1413.7,,1856.3,,2323.7,,2417.9,,2258.2,,2120.5,,2070.4,,2221.8,,2463.7,
149,Nepal,1091,"Eggs, other bird, in shell",5530,Producer Price (LCU/tonne),LCU,,,,,,,,,,,,,,,,,,,,,77295,*,90680,F,91682,F,99281.5,F,104586.3,F,109748.2,F,118524.8,F,133236.2,F,137152.1,F,176660.5,F,266000,,314000,,314000,,315884,,317780,,357000,,384849.6,
149,Nepal,1091,"Eggs, other bird, in shell",5531,Producer Price (SLC/tonne),SLC,,,,,,,,,,,,,,,,,,,,,77295,*,90680,F,91682,F,99281.5,F,104586.3,F,109748.2,F,118524.8,F,133236.2,F,137152.1,F,176660.5,F,266000,,314000,,314000,,315884,,317780,,357000,,384849.6,
149,Nepal,1091,"Eggs, other bird, in shell",5532,Producer Price (USD/tonne),USD,,,,,,,,,,,,,,,,,,,,,1031.3,*,1164.4,F,1204.1,F,1347.6,F,1465.5,F,1508.5,F,1784.6,F,1909.9,F,1768,F,2411.3,F,3593.6,,3685.6,,3376.6,,3170.7,,3095.9,,3322.2,,3683.9,
149,Nepal,512,"Fruit, citrus nes",5530,Producer Price (LCU/tonne),LCU,,,,,,,,,,,,,,,,,,,,,24493,,24784,,24907,,26295,,30915,,29746,,31828,,35778.5,F,36830.1,F,47439.5,F,27200,,29700,,30450,,30815.4,,31185.2,,31474.7,,34307.4,
149,Nepal,512,"Fruit, citrus nes",5531,Producer Price (SLC/tonne),SLC,,,,,,,,,,,,,,,,,,,,,24493,,24784,,24907,,26295,,30915,,29746,,31828,,35778.5,F,36830.1,F,47439.5,F,27200,,29700,,30450,,30815.4,,31185.2,,31474.7,,34307.4,
149,Nepal,512,"Fruit, citrus nes",5532,Producer Price (USD/tonne),USD,,,,,,,,,,,,,,,,,,,,,326.8,,318.2,,327.1,,356.9,,433.2,,408.8,,479.2,,512.9,F,474.8,F,647.5,F,367.5,,348.6,,327.4,,309.3,,303.8,,292.9,,328.4,
149,Nepal,619,"Fruit, fresh nes",5530,Producer Price (LCU/tonne),LCU,,,,,,,,,,,,,6000,,9913,F,10956,F,12000,,13237,,13374,,14838,,20531,,19561,,19011,,21367,,,,,,,,,,,,,,,,,,,,,
149,Nepal,619,"Fruit, fresh nes",5531,Producer Price (SLC/tonne),SLC,,,,,,,,,,,,,6000,,9913,F,10956,F,12000,,13237,,13374,,14838,,20531,,19561,,19011,,21367,,,,,,,,,,,,,,,,,,,,,
149,Nepal,619,"Fruit, fresh nes",5532,Producer Price (USD/tonne),USD,,,,,,,,,,,,,103.4,,150.3,F,160.6,F,168.8,,176.6,,171.7,,194.9,,278.7,,274.1,,261.3,,321.7,,,,,,,,,,,,,,,,,,,,,
149,Nepal,406,Garlic,5530,Producer Price (LCU/tonne),LCU,,,,,,,,,,,,,,,,,,,,,36030,,36770,,32720,,34030,,33700,,33643,,41381,,40350.7,,69210.1,,77125.8,,84263.1,,73900,,73900,,74786.8,,75684.2,,73688.3,,72214.5,
149,Nepal,406,Garlic,5531,Producer Price (SLC/tonne),SLC,,,,,,,,,,,,,,,,,,,,,36030,,36770,,32720,,34030,,33700,,33643,,41381,,40350.7,,69210.1,,77125.8,,84263.1,,73900,,73900,,74786.8,,75684.2,,73688.3,,72214.5,
149,Nepal,406,Garlic,5532,Producer Price (USD/tonne),USD,,,,,,,,,,,,,,,,,,,,,480.7,,472.2,,429.7,,461.9,,472.2,,462.4,,623.1,,578.4,,892.2,,1052.7,,1138.4,,867.4,,794.7,,750.7,,737.3,,685.7,,691.3,
149,Nepal,720,Ginger,5530,Producer Price (LCU/tonne),LCU,,,,,,,,,,,,,30626,,27333,,28623,,38950,,29980,,50000,,28400,,28541,,56751,,49334,,38064,,19823.3,,34001.3,,46241.8,,43500,,41600,,43780,,44305.4,,44837,,43654.6,,42781.5,
149,Nepal,720,Ginger,5531,Producer Price (SLC/tonne),SLC,,,,,,,,,,,,,30626,,27333,,28623,,38950,,29980,,50000,,28400,,28541,,56751,,49334,,38064,,19823.3,,34001.3,,46241.8,,43500,,41600,,43780,,44305.4,,44837,,43654.6,,42781.5,
149,Nepal,720,Ginger,5532,Producer Price (USD/tonne),USD,,,,,,,,,,,,,527.9,,414.3,,419.4,,547.9,,400,,642,,373,,387.4,,795.2,,678.1,,573.1,,284.2,,438.3,,631.2,,587.7,,488.3,,470.8,,444.7,,436.8,,406.2,,409.5,
149,Nepal,1182,"Honey, natural",5530,Producer Price (LCU/tonne),LCU,,,,,,,,,,,,,,,,,,,,,174648,,177299,,186081,,200994,,190058,,200000,,214000,,228980,,289300,,290000,,279400,,313900,,330848.2,,380475.4,,437546.7,,464648.5,,480446.6,
149,Nepal,1182,"Honey, natural",5531,Producer Price (SLC/tonne),SLC,,,,,,,,,,,,,,,,,,,,,174648,,177299,,186081,,200994,,190058,,200000,,214000,,228980,,289300,,290000,,279400,,313900,,330848.2,,380475.4,,437546.7,,464648.5,,480446.6,
149,Nepal,1182,"Honey, natural",5532,Producer Price (USD/tonne),USD,,,,,,,,,,,,,,,,,,,,,2330.2,,2276.7,,2443.9,,2728.2,,2663.1,,2748.9,,3222.2,,3282.3,,3729.4,,3958.4,,3774.7,,3684.4,,3557.8,,3819.1,,4262.7,,4323.9,,4598.9,
149,Nepal,780,Jute,5530,Producer Price (LCU/tonne),LCU,,,,,7740,,8970.6,F,10201.2,F,11431.8,F,12662.4,F,13893,F,15123.7,F,16354.3,F,21420,,21420,,22000,,22000,,22000,,21710,,24749,,25328.3,,29785,,32614.5,,29000,,32000,,32000,,36800,,42320,,43964.7,,45470.4,
149,Nepal,780,Jute,5531,Producer Price (SLC/tonne),SLC,,,,,7740,,8970.6,F,10201.2,F,11431.8,F,12662.4,F,13893,F,15123.7,F,16354.3,F,21420,,21420,,22000,,22000,,22000,,21710,,24749,,25328.3,,29785,,32614.5,,29000,,32000,,32000,,36800,,42320,,43964.7,,45470.4,
149,Nepal,780,Jute,5532,Producer Price (USD/tonne),USD,,,,,159.2,,181.6,F,196.6,F,201.6,F,218.3,F,210.6,F,221.6,F,230,F,285.8,,275.1,,288.9,,298.6,,308.3,,298.4,,372.6,,363.1,,384,,445.2,,391.8,,375.6,,344.1,,369.4,,412.3,,409.1,,435.3,
149,Nepal,497,Lemons and limes,5530,Producer Price (LCU/tonne),LCU,,,,,,,,,,,,,,,,,,,,,11650,,11950,,12005,,13810,,14647,,15250,,16318,,71893.5,,107020.3,,141266.8,,24200,,27700,,28450,,28791.4,,29136.9,,29407.4,,32054.1,
149,Nepal,497,Lemons and limes,5531,Producer Price (SLC/tonne),SLC,,,,,,,,,,,,,,,,,,,,,11650,,11950,,12005,,13810,,14647,,15250,,16318,,71893.5,,107020.3,,141266.8,,24200,,27700,,28450,,28791.4,,29136.9,,29407.4,,32054.1,
149,Nepal,497,Lemons and limes,5532,Producer Price (USD/tonne),USD,,,,,,,,,,,,,,,,,,,,,155.4,,153.4,,157.7,,187.4,,205.2,,209.6,,245.7,,1030.6,,1379.6,,1928.2,,326.9,,325.1,,305.9,,289,,283.9,,273.7,,306.8,
149,Nepal,201,Lentils,5530,Producer Price (LCU/tonne),LCU,,,10160,,17777.5,F,25395,F,33012.5,F,40630,F,15000,,20000,,20000,,21000,,22000,,37000,,30300,,43040,,44745,,47993,,52278,,68002.4,,101845.8,,101845.8,,73250,,77000.4,,77000,,77924,,78859,,93154.9,,96345.5,
149,Nepal,201,Lentils,5531,Producer Price (SLC/tonne),SLC,,,10160,,17777.5,F,25395,F,33012.5,F,40630,F,15000,,20000,,20000,,21000,,22000,,37000,,30300,,43040,,44745,,47993,,52278,,68002.4,,101845.8,,101845.8,,73250,,77000.4,,77000,,77924,,78859,,93154.9,,96345.5,
149,Nepal,201,Lentils,5532,Producer Price (USD/tonne),USD,,,237.8,,365.7,F,514.1,F,636.2,F,716.7,F,258.6,,303.1,,293.1,,295.4,,293.5,,475.1,,397.9,,584.2,,627,,659.6,,787.1,,974.8,,1312.9,,1390.2,,989.6,,903.8,,828,,782.2,,768.3,,866.9,,922.2,
149,Nepal,333,Linseed,5530,Producer Price (LCU/tonne),LCU,,,,,,,,,,,,,,,,,,,,,23405,,25906,,30371,,34107,,34584,,37420,,42658,,43656.2,,46000,,52000,,52900,,57500,,59450,,68367.5,,78622.6,,81417.1,,84205.6,
149,Nepal,333,Linseed,5531,Producer Price (SLC/tonne),SLC,,,,,,,,,,,,,,,,,,,,,23405,,25906,,30371,,34107,,34584,,37420,,42658,,43656.2,,46000,,52000,,52900,,57500,,59450,,68367.5,,78622.6,,81417.1,,84205.6,
149,Nepal,333,Linseed,5532,Producer Price (USD/tonne),USD,,,,,,,,,,,,,,,,,,,,,312.3,,332.7,,398.9,,462.9,,484.6,,514.3,,642.3,,625.8,,593,,709.8,,714.7,,674.9,,639.3,,686.2,,766,,757.6,,806,
149,Nepal,56,Maize,5530,Producer Price (LCU/tonne),LCU,4300,,4373,,5690,,5680,,7080,,8920,,6860,,7010,,7819,,9103,,9089,,9683,,9868,,10839,,9951,,10113,,11529,,13000,,16330,,21170,,21780,,22550,,24000,,25920,,27994,,28844.6,,28807.1,
149,Nepal,56,Maize,5531,Producer Price (SLC/tonne),SLC,4300,,4373,,5690,,5680,,7080,,8920,,6860,,7010,,7819,,9103,,9089,,9683,,9868,,10839,,9951,,10113,,11529,,13000,,16330,,21170,,21780,,22550,,24000,,25920,,27994,,28844.6,,28807.1,
149,Nepal,56,Maize,5532,Producer Price (USD/tonne),USD,115.4,,102.4,,117.1,,115,,136.4,,157.3,,118.3,,106.3,,114.6,,128,,121.3,,124.3,,129.6,,147.1,,139.4,,139,,173.6,,186.3,,210.5,,289,,294.2,,264.7,,258.1,,260.2,,272.7,,268.4,,275.7,
149,Nepal,571,"Mangoes, mangosteens, guavas",5530,Producer Price (LCU/tonne),LCU,,,,,,,,,,,,,,,,,,,,,26971,,29921,,27692,,28435,,31380,,28387,,30374,,33833.5,,50364.4,,66481,,40400,,27400,,30770,,31139.2,,31512.9,,31805.5,,34668,
149,Nepal,571,"Mangoes, mangosteens, guavas",5531,Producer Price (SLC/tonne),SLC,,,,,,,,,,,,,,,,,,,,,26971,,29921,,27692,,28435,,31380,,28387,,30374,,33833.5,,50364.4,,66481,,40400,,27400,,30770,,31139.2,,31512.9,,31805.5,,34668,
149,Nepal,571,"Mangoes, mangosteens, guavas",5532,Producer Price (USD/tonne),USD,,,,,,,,,,,,,,,,,,,,,359.9,,384.2,,363.7,,386,,439.7,,390.2,,457.3,,485,,649.2,,907.4,,545.8,,321.6,,330.9,,312.6,,307,,296,,331.8,
149,Nepal,973,"Meat live weight, buffalo",5530,Producer Price (LCU/tonne),LCU,,,,,,,,,,,24781,Fc,26560,Fc,27485,Fc,31700,Fc,34725.5,Fc,36745,Fc,37143,Fc,37970,Fc,41340,Fc,41797,Fc,42087.5,Fc,44349,Fc,47468.8,Fc,72566.9,Fc,92500,Fc,102500,Fc,112500,Fc,137500,Fc,138325,Fc,139155,Fc,147774.3,Fc,,
149,Nepal,973,"Meat live weight, buffalo",5531,Producer Price (SLC/tonne),SLC,,,,,,,,,,,24781,Fc,26560,Fc,27485,Fc,31700,Fc,34725.5,Fc,36745,Fc,37143,Fc,37970,Fc,41340,Fc,41797,Fc,42087.5,Fc,44349,Fc,47468.8,Fc,72566.9,Fc,92500,Fc,102500,Fc,112500,Fc,137500,Fc,138325,Fc,139155,Fc,147774.3,Fc,,
149,Nepal,973,"Meat live weight, buffalo",5532,Producer Price (USD/tonne),USD,,,,,,,,,,,437.1,Fc,457.9,Fc,416.6,Fc,464.5,Fc,488.4,Fc,490.3,Fc,476.9,Fc,498.7,Fc,561.1,Fc,585.7,Fc,578.5,Fc,667.8,Fc,680.4,Fc,935.5,Fc,1262.6,Fc,1384.8,Fc,1320.5,Fc,1478.6,Fc,1388.4,Fc,1355.7,Fc,1375.2,Fc,,
149,Nepal,1095,"Meat live weight, chicken",5530,Producer Price (LCU/tonne),LCU,,,,,,,,,,,,,85323.3,Fc,94621,Fc,96497,Fc,101809,Fc,104624.1,Fc,100173.7,Fc,101579,Fc,102130.8,Fc,107324.8,Fc,110442.1,Fc,117855.6,Fc,93105.6,Fc,127819.6,Fc,135338.4,Fc,146977.4,Fc,165413.5,Fc,187969.9,Fc,189097.7,Fc,190232.3,Fc,202015.4,Fc,,
149,Nepal,1095,"Meat live weight, chicken",5531,Producer Price (SLC/tonne),SLC,,,,,,,,,,,,,85323.3,Fc,94621,Fc,96497,Fc,101809,Fc,104624.1,Fc,100173.7,Fc,101579,Fc,102130.8,Fc,107324.8,Fc,110442.1,Fc,117855.6,Fc,93105.6,Fc,127819.6,Fc,135338.4,Fc,146977.4,Fc,165413.5,Fc,187969.9,Fc,189097.7,Fc,190232.3,Fc,202015.4,Fc,,
149,Nepal,1095,"Meat live weight, chicken",5532,Producer Price (USD/tonne),USD,,,,,,,,,,,,,1470.8,Fc,1434.2,Fc,1414.1,Fc,1432,Fc,1395.9,Fc,1286.3,Fc,1334.1,Fc,1386.3,Fc,1503.8,Fc,1518,Fc,1774.5,Fc,1334.6,Fc,1647.7,Fc,1847.3,Fc,1985.6,Fc,1941.5,Fc,2021.3,Fc,1898.1,Fc,1853.3,Fc,1879.9,Fc,,
149,Nepal,1071,"Meat live weight, duck",5530,Producer Price (LCU/tonne),LCU,,,,,,,,,,,,,,,,,,,,,76821,Fc,73553.3,Fc,74585.3,Fc,74988,Fc,78803.3,Fc,81094.5,Fc,86771.3,Fc,92896.1,Fc,127819.6,Fc,135338.4,Fc,143187.8,Fc,157899.1,Fc,263308.3,Fc,264887.2,Fc,266477.4,Fc,276833.3,Fc,,
149,Nepal,1071,"Meat live weight, duck",5531,Producer Price (SLC/tonne),SLC,,,,,,,,,,,,,,,,,,,,,76821,Fc,73553.3,Fc,74585.3,Fc,74988,Fc,78803.3,Fc,81094.5,Fc,86771.3,Fc,92896.1,Fc,127819.6,Fc,135338.4,Fc,143187.8,Fc,157899.1,Fc,263308.3,Fc,264887.2,Fc,266477.4,Fc,276833.3,Fc,,
149,Nepal,1071,"Meat live weight, duck",5532,Producer Price (USD/tonne),USD,,,,,,,,,,,,,,,,,,,,,1025,Fc,944.5,Fc,979.6,Fc,1017.8,Fc,1104.2,Fc,1114.6,Fc,1306.5,Fc,1331.6,Fc,1647.7,Fc,1847.3,Fc,1934.4,Fc,1853.3,Fc,2831.5,Fc,2658.8,Fc,2596.1,Fc,2576.1,Fc,,
149,Nepal,1033,"Meat live weight, goat",5530,Producer Price (LCU/tonne),LCU,,,,,,,,,,,,,60150,Fc,68181.5,Fc,75701.5,Fc,79482,Fc,83765,Fc,88826,Fc,92855,Fc,97320,Fc,100668,Fc,104685.5,Fc,111213,Fc,126263.3,Fc,193022.2,Fc,204533.8,Fc,226039.3,Fc,250945.2,Fc,300445.2,Fc,302248,Fc,304061.3,Fc,322895,Fc,,
149,Nepal,1033,"Meat live weight, goat",5531,Producer Price (SLC/tonne),SLC,,,,,,,,,,,,,60150,Fc,68181.5,Fc,75701.5,Fc,79482,Fc,83765,Fc,88826,Fc,92855,Fc,97320,Fc,100668,Fc,104685.5,Fc,111213,Fc,126263.3,Fc,193022.2,Fc,204533.8,Fc,226039.3,Fc,250945.2,Fc,300445.2,Fc,302248,Fc,304061.3,Fc,322895,Fc,,
149,Nepal,1033,"Meat live weight, goat",5532,Producer Price (USD/tonne),USD,,,,,,,,,,,,,1036.9,Fc,1033.4,Fc,1109.4,Fc,1118,Fc,1117.6,Fc,1140.6,Fc,1219.5,Fc,1321,Fc,1410.6,Fc,1438.9,Fc,1674.5,Fc,1809.9,Fc,2488.3,Fc,2791.8,Fc,3053.8,Fc,2945.5,Fc,3230.8,Fc,3033.8,Fc,2962.3,Fc,3004.8,Fc,,
149,Nepal,1056,"Meat live weight, pig",5530,Producer Price (LCU/tonne),LCU,,,,,,,,,,,,,,,,,,,,,34180,Fc,35154.5,Fc,35227,Fc,36972,Fc,38406,Fc,39083,Fc,41818.5,Fc,54270.7,Fc,70000,Fc,82500,Fc,95161.8,Fc,109436.1,Fc,125851.5,Fc,126605,Fc,127366.3,Fc,135255.4,Fc,,
149,Nepal,1056,"Meat live weight, pig",5531,Producer Price (SLC/tonne),SLC,,,,,,,,,,,,,,,,,,,,,34180,Fc,35154.5,Fc,35227,Fc,36972,Fc,38406,Fc,39083,Fc,41818.5,Fc,54270.7,Fc,70000,Fc,82500,Fc,95161.8,Fc,109436.1,Fc,125851.5,Fc,126605,Fc,127366.3,Fc,135255.4,Fc,,
149,Nepal,1056,"Meat live weight, pig",5532,Producer Price (USD/tonne),USD,,,,,,,,,,,,,,,,,,,,,456,Fc,451.4,Fc,462.7,Fc,501.8,Fc,538.1,Fc,537.2,Fc,629.7,Fc,777.9,Fc,902.4,Fc,1126.1,Fc,1285.6,Fc,1284.5,Fc,1353.3,Fc,1270.8,Fc,1240.8,Fc,1258.7,Fc,,
149,Nepal,1013,"Meat live weight, sheep",5530,Producer Price (LCU/tonne),LCU,,,,,,,,,,,,,,,,,,,77577,Ce,71301,Fc,75608,Fc,79038,Fc,82839,Fc,85852,Fc,89108,Fc,95345.5,Fc,102050.4,Fc,156007.3,Fc,161927.8,Fc,179249,Fc,209011.3,Fc,209011.3,Fc,210265.5,Fc,211527,Fc,224629.1,Fc,,
149,Nepal,1013,"Meat live weight, sheep",5531,Producer Price (SLC/tonne),SLC,,,,,,,,,,,,,,,,,,,77577,Ce,71301,Fc,75608,Fc,79038,Fc,82839,Fc,85852,Fc,89108,Fc,95345.5,Fc,102050.4,Fc,156007.3,Fc,161927.8,Fc,179249,Fc,209011.3,Fc,209011.3,Fc,210265.5,Fc,211527,Fc,224629.1,Fc,,
149,Nepal,1013,"Meat live weight, sheep",5532,Producer Price (USD/tonne),USD,,,,,,,,,,,,,,,,,,,1091.2,Ce,951.3,Fc,970.9,Fc,1038,Fc,1124.4,Fc,1203,Fc,1224.8,Fc,1435.6,Fc,1462.8,Fc,2011.1,Fc,2210.2,Fc,2421.6,Fc,2453.3,Fc,2247.6,Fc,2110.6,Fc,2060.8,Fc,2090.3,Fc,,
149,Nepal,947,"Meat, buffalo",5530,Producer Price (LCU/tonne),LCU,,,,,,,,,,,49562,,53120,,54970,,63400,,69451,,73490,,74286,,75940,,82680,,83594,,84175,,88698,,94937.6,,145133.8,,185000,,205000,,225000,,275000,,276650,,278309.9,,295548.5,,313281.4,
149,Nepal,947,"Meat, buffalo",5531,Producer Price (SLC/tonne),SLC,,,,,,,,,,,49562,,53120,,54970,,63400,,69451,,73490,,74286,,75940,,82680,,83594,,84175,,88698,,94937.6,,145133.8,,185000,,205000,,225000,,275000,,276650,,278309.9,,295548.5,,313281.4,
149,Nepal,947,"Meat, buffalo",5532,Producer Price (USD/tonne),USD,,,,,,,,,,,874.2,,915.7,,833.2,,929.1,,976.9,,980.5,,953.9,,997.4,,1122.2,,1171.3,,1157,,1335.5,,1360.9,,1870.9,,2525.2,,2769.5,,2640.9,,2957.2,,2776.9,,2711.4,,2750.3,,2998.8,
149,Nepal,1058,"Meat, chicken",5530,Producer Price (LCU/tonne),LCU,,,,,,,,,,,,,113480,,125846,,128341,,135406,,139150,,133231,,135100,,135834,,142742,,146888,,156748,,123830.5,,170000,,180000,,195480,,220000,,250000,,251500,,253009,,268680.5,,268839.8,
149,Nepal,1058,"Meat, chicken",5531,Producer Price (SLC/tonne),SLC,,,,,,,,,,,,,113480,,125846,,128341,,135406,,139150,,133231,,135100,,135834,,142742,,146888,,156748,,123830.5,,170000,,180000,,195480,,220000,,250000,,251500,,253009,,268680.5,,268839.8,
149,Nepal,1058,"Meat, chicken",5532,Producer Price (USD/tonne),USD,,,,,,,,,,,,,1956.2,,1907.5,,1880.7,,1904.6,,1856.6,,1710.8,,1774.3,,1843.7,,2000.1,,2018.9,,2360.1,,1775,,2191.5,,2456.9,,2640.9,,2582.3,,2688.4,,2524.5,,2464.9,,2500.3,,2573.4,
149,Nepal,1069,"Meat, duck",5530,Producer Price (LCU/tonne),LCU,,,,,,,,,,,,,,,,,,,,,102428,,98071,,99447,,99984,,105071,,108126,,115695,,123830.5,,170000,,180000,,303200,,320200,,350200,,352301.2,,354415,,368188.3,,368406.7,
149,Nepal,1069,"Meat, duck",5531,Producer Price (SLC/tonne),SLC,,,,,,,,,,,,,,,,,,,,,102428,,98071,,99447,,99984,,105071,,108126,,115695,,123830.5,,170000,,180000,,303200,,320200,,350200,,352301.2,,354415,,368188.3,,368406.7,
149,Nepal,1069,"Meat, duck",5532,Producer Price (USD/tonne),USD,,,,,,,,,,,,,,,,,,,,,1366.6,,1259.3,,1306.1,,1357.1,,1472.3,,1486.2,,1742,,1775,,2191.5,,2456.9,,4096.2,,3758.4,,3765.9,,3536.3,,3452.8,,3426.3,,3526.5,
149,Nepal,1017,"Meat, goat",5530,Producer Price (LCU/tonne),LCU,83204,Fc,123912,Fc,139274,Fc,156990,Fc,158936,Fc,141834,Fc,120300,,136363,,151403,,158964,,167530,,177652,,185710,,194640,,201336,,209371,,222426,,252526.6,,386044.5,,409067.6,,452078.6,,501890.4,,600890.4,,604495.7,,608122.7,,645790.1,,684537.5,
149,Nepal,1017,"Meat, goat",5531,Producer Price (SLC/tonne),SLC,83204,Fc,123912,Fc,139274,Fc,156990,Fc,158936,Fc,141834,Fc,120300,,136363,,151403,,158964,,167530,,177652,,185710,,194640,,201336,,209371,,222426,,252526.6,,386044.5,,409067.6,,452078.6,,501890.4,,600890.4,,604495.7,,608122.7,,645790.1,,684537.5,
149,Nepal,1017,"Meat, goat",5532,Producer Price (USD/tonne),USD,2233.4,Fc,2900.7,Fc,2865.3,Fc,3178.1,Fc,3062.9,Fc,2501.8,Fc,2073.8,,2066.9,,2218.7,,2236,,2235.2,,2281.2,,2439,,2641.9,,2821.1,,2877.7,,3349,,3619.8,,4976.5,,5583.6,,6107.5,,5891,,6461.7,,6067.7,,5924.5,,6009.6,,6552.5,
149,Nepal,1035,"Meat, pig",5530,Producer Price (LCU/tonne),LCU,40714,Fc,60632,Fc,68148,Fc,76818,Fc,77770,Fc,69402,Fc,86062,Fc,94206,Fc,104114,Fc,92528,Fc,68360,,70309,,70454,,73944,,76812,,78166,,83637,,108541.4,,140000,,165000,,190323.6,,218872.2,,251703,,253213.2,,254732.5,,270510.8,,287552.9,
149,Nepal,1035,"Meat, pig",5531,Producer Price (SLC/tonne),SLC,40714,Fc,60632,Fc,68148,Fc,76818,Fc,77770,Fc,69402,Fc,86062,Fc,94206,Fc,104114,Fc,92528,Fc,68360,,70309,,70454,,73944,,76812,,78166,,83637,,108541.4,,140000,,165000,,190323.6,,218872.2,,251703,,253213.2,,254732.5,,270510.8,,287552.9,
149,Nepal,1035,"Meat, pig",5532,Producer Price (USD/tonne),USD,1092.8,Fc,1419.4,Fc,1402,Fc,1555.1,Fc,1498.7,Fc,1224.2,Fc,1483.6,Fc,1427.9,Fc,1525.7,Fc,1301.5,Fc,912.1,,902.8,,925.3,,1003.7,,1076.3,,1074.4,,1259.3,,1555.9,,1804.7,,2252.2,,2571.2,,2569,,2706.7,,2541.6,,2481.7,,2517.3,,2752.5,
149,Nepal,977,"Meat, sheep",5530,Producer Price (LCU/tonne),LCU,,,,,,,,,,,,,,,,,,,,,142602,,151216,,158076,,165678,,171704,,178216,,190691,,204100.7,,312014.5,,323855.5,,358498,,418022.7,,418022.7,,420530.8,,423054,,449258.1,,476213.6,
149,Nepal,977,"Meat, sheep",5531,Producer Price (SLC/tonne),SLC,,,,,,,,,,,,,,,,,,,,,142602,,151216,,158076,,165678,,171704,,178216,,190691,,204100.7,,312014.5,,323855.5,,358498,,418022.7,,418022.7,,420530.8,,423054,,449258.1,,476213.6,
149,Nepal,977,"Meat, sheep",5532,Producer Price (USD/tonne),USD,,,,,,,,,,,,,,,,,,,,,1902.6,,1941.7,,2076.1,,2248.8,,2405.9,,2449.5,,2871.2,,2925.7,,4022.2,,4420.5,,4843.3,,4906.6,,4495.2,,4221.1,,4121.5,,4180.7,,4558.4,
149,Nepal,951,"Milk, whole fresh buffalo",5530,Producer Price (LCU/tonne),LCU,,,,,,,,,,,14886,,16930,,17631,,19338,,20312,,22080,,21754,,21700,,22425,,23020,,25141,,24849,,26597.5,,35000,,36000,,41900,,43000,,48474.1,,48764.9,,49057.5,,53557.5,,56931.6,
149,Nepal,951,"Milk, whole fresh buffalo",5531,Producer Price (SLC/tonne),SLC,,,,,,,,,,,14886,,16930,,17631,,19338,,20312,,22080,,21754,,21700,,22425,,23020,,25141,,24849,,26597.5,,35000,,36000,,41900,,43000,,48474.1,,48764.9,,49057.5,,53557.5,,56931.6,
149,Nepal,951,"Milk, whole fresh buffalo",5532,Producer Price (USD/tonne),USD,,,,,,,,,,,262.6,,291.8,,267.2,,283.4,,285.7,,294.6,,279.3,,285,,304.4,,322.6,,345.6,,374.1,,381.3,,451.2,,491.4,,566.1,,504.7,,521.3,,489.5,,477.9,,498.4,,545,
149,Nepal,882,"Milk, whole fresh cow",5530,Producer Price (LCU/tonne),LCU,,,,,,,,,,,14886,,16930,,17631,,19338,,20312,,22080,,21754,,21700,,22425,,23020,,25141,,24849,,26597.5,,35000,,36000,,38500,,39900,,45474.1,,45746.9,,46021.4,,50242.9,,56931.6,
149,Nepal,882,"Milk, whole fresh cow",5531,Producer Price (SLC/tonne),SLC,,,,,,,,,,,14886,,16930,,17631,,19338,,20312,,22080,,21754,,21700,,22425,,23020,,25141,,24849,,26597.5,,35000,,36000,,38500,,39900,,45474.1,,45746.9,,46021.4,,50242.9,,56931.6,
149,Nepal,882,"Milk, whole fresh cow",5532,Producer Price (USD/tonne),USD,,,,,,,,,,,262.6,,291.8,,267.2,,283.4,,285.7,,294.6,,279.3,,285,,304.4,,322.6,,345.6,,374.1,,381.3,,451.2,,491.4,,520.1,,468.3,,489,,459.2,,448.4,,467.5,,545,
149,Nepal,79,Millet,5530,Producer Price (LCU/tonne),LCU,4280,,4830,,6285,F,6274,F,7820,F,9852,F,10000,,10219,F,11398,F,13270,F,10335,,10652,,10856,,10839,,9951,,10113,,11529,,13014.4,,14397.9,,19341.1,,19529.1,,20429.1,,26900,,29052,,31376,,32330,,32711.5,
149,Nepal,79,Millet,5531,Producer Price (SLC/tonne),SLC,4280,,4830,,6285,F,6274,F,7820,F,9852,F,10000,,10219,F,11398,F,13270,F,10335,,10652,,10856,,10839,,9951,,10113,,11529,,13014.4,,14397.9,,19341.1,,19529.1,,20429.1,,26900,,29052,,31376,,32330,,32711.5,
149,Nepal,79,Millet,5532,Producer Price (USD/tonne),USD,114.9,,113.1,,129.3,F,127,F,150.7,F,173.8,F,172.4,,154.9,F,167,F,186.7,F,137.9,,136.8,,142.6,,147.1,,139.4,,139,,173.6,,186.6,,185.6,,264,,263.8,,239.8,,289.3,,291.6,,305.7,,300.9,,313.1,
149,Nepal,449,Mushrooms and truffles,5530,Producer Price (LCU/tonne),LCU,,,,,,,,,,,,,,,,,,,,,71897,,72988,,76603,,80398,,76023,,80000,,85600,,,,,,,,,,,,,,,,,,,,,
149,Nepal,449,Mushrooms and truffles,5531,Producer Price (SLC/tonne),SLC,,,,,,,,,,,,,,,,,,,,,71897,,72988,,76603,,80398,,76023,,80000,,85600,,,,,,,,,,,,,,,,,,,,,
149,Nepal,449,Mushrooms and truffles,5532,Producer Price (USD/tonne),USD,,,,,,,,,,,,,,,,,,,,,959.3,,937.2,,1006.1,,1091.3,,1065.2,,1099.6,,1288.9,,,,,,,,,,,,,,,,,,,,,
149,Nepal,292,Mustard seed,5530,Producer Price (LCU/tonne),LCU,14570,,14840,,17498,F,20156,F,22814,F,25472,,27940.5,F,30409,,31770,,23354,,26020,,36000,,31396,,28726,,35115,,38000,,43320,,52353,,67550,,65890,,68200,,78200,,79340,,91241,,104927.1,,108656.5,,112378,
149,Nepal,292,Mustard seed,5531,Producer Price (SLC/tonne),SLC,14570,,14840,,17498,F,20156,F,22814,F,25472,,27940.5,F,30409,,31770,,23354,,26020,,36000,,31396,,28726,,35115,,38000,,43320,,52353,,67550,,65890,,68200,,78200,,79340,,91241,,104927.1,,108656.5,,112378,
149,Nepal,292,Mustard seed,5532,Producer Price (USD/tonne),USD,391.1,,347.4,,360,F,408,F,439.7,F,449.3,,481.7,F,460.9,,465.6,,328.5,,347.2,,462.3,,412.3,,389.9,,492,,522.3,,652.3,,750.5,,870.8,,899.4,,921.4,,917.9,,853.2,,915.8,,1022.2,,1011.1,,1075.7,
149,Nepal,702,"Nutmeg, mace and cardamoms",5530,Producer Price (LCU/tonne),LCU,,,,,,,,,,,,,,,,,,,,,81539,,85687,,81124,,88009,,84608,,90000,,110700,,124440.2,F,128097.5,F,164997.7,F,325600,,505200,,625200,,632702.4,,640294.8,,623408.8,,610940.6,
149,Nepal,702,"Nutmeg, mace and cardamoms",5531,Producer Price (SLC/tonne),SLC,,,,,,,,,,,,,,,,,,,,,81539,,85687,,81124,,88009,,84608,,90000,,110700,,124440.2,F,128097.5,F,164997.7,F,325600,,505200,,625200,,632702.4,,640294.8,,623408.8,,610940.6,
149,Nepal,702,"Nutmeg, mace and cardamoms",5532,Producer Price (USD/tonne),USD,,,,,,,,,,,,,,,,,,,,,1087.9,,1100.3,,1065.4,,1194.6,,1185.5,,1237,,1666.8,,1783.8,F,1651.3,F,2252.1,F,4398.8,,5929.8,,6723.1,,6350.8,,6238,,5801.3,,5848.1,
149,Nepal,339,Oilseeds nes,5530,Producer Price (LCU/tonne),LCU,,,,,,,,,,,,,,,,,,,,,,,,,,,,,,,,,,,,,,,,,59400,,64800,,66800,,76820,,88343,,91482.9,,94616.2,
149,Nepal,339,Oilseeds nes,5531,Producer Price (SLC/tonne),SLC,,,,,,,,,,,,,,,,,,,,,,,,,,,,,,,,,,,,,,,,,59400,,64800,,66800,,76820,,88343,,91482.9,,94616.2,
149,Nepal,339,Oilseeds nes,5532,Producer Price (USD/tonne),USD,,,,,,,,,,,,,,,,,,,,,,,,,,,,,,,,,,,,,,,,,802.5,,760.6,,718.3,,771.1,,860.7,,851.3,,905.7,
149,Nepal,403,"Onions, dry",5530,Producer Price (LCU/tonne),LCU,,,,,,,,,,,14865,,13670,,18290,,32064,,22539,,20029,,20308,,18377,,16265,,23133,,28265,,30956,,19823.3,,34001.3,,46241.8,,33300,,33000,,33000,,33396,,33796.8,,32905.4,,32247.3,
149,Nepal,403,"Onions, dry",5531,Producer Price (SLC/tonne),SLC,,,,,,,,,,,14865,,13670,,18290,,32064,,22539,,20029,,20308,,18377,,16265,,23133,,28265,,30956,,19823.3,,34001.3,,46241.8,,33300,,33000,,33000,,33396,,33796.8,,32905.4,,32247.3,
149,Nepal,403,"Onions, dry",5532,Producer Price (USD/tonne),USD,,,,,,,,,,,262.2,,235.7,,277.2,,469.9,,317,,267.2,,260.8,,241.4,,220.8,,324.1,,388.5,,466.1,,284.2,,438.3,,631.2,,449.9,,387.3,,354.9,,335.2,,329.3,,306.2,,308.7,
149,Nepal,490,Oranges,5530,Producer Price (LCU/tonne),LCU,,,,,,,,,,,,,,,,,,,12000,,26971,,29921,,27692,,28435,,31380,,28387,,30374,,33833.5,,50364.4,,42364.4,,41000,,43300,,45420,,45965,,46516.6,,56622.4,,61718.4,
149,Nepal,490,Oranges,5531,Producer Price (SLC/tonne),SLC,,,,,,,,,,,,,,,,,,,12000,,26971,,29921,,27692,,28435,,31380,,28387,,30374,,33833.5,,50364.4,,42364.4,,41000,,43300,,45420,,45965,,46516.6,,56622.4,,61718.4,
149,Nepal,490,Oranges,5532,Producer Price (USD/tonne),USD,,,,,,,,,,,,,,,,,,,168.8,,359.9,,384.2,,363.7,,386,,439.7,,390.2,,457.3,,485,,649.2,,578.3,,553.9,,508.2,,488.4,,461.4,,453.2,,526.9,,590.8,
149,Nepal,600,Papayas,5530,Producer Price (LCU/tonne),LCU,,,,,,,,,,,,,,,,,,,,,20622,,22855,,19949,,21775,,25119,,22936,,24541,,27336.4,,40692.8,,53714.5,,30600,,31100,,31100,,31473.2,,31850.9,,32146.6,,35039.8,
149,Nepal,600,Papayas,5531,Producer Price (SLC/tonne),SLC,,,,,,,,,,,,,,,,,,,,,20622,,22855,,19949,,21775,,25119,,22936,,24541,,27336.4,,40692.8,,53714.5,,30600,,31100,,31100,,31473.2,,31850.9,,32146.6,,35039.8,
149,Nepal,600,Papayas,5532,Producer Price (USD/tonne),USD,,,,,,,,,,,,,,,,,,,,,275.1,,293.5,,262,,295.6,,352,,315.2,,369.5,,391.9,,524.6,,733.2,,413.4,,365,,334.4,,315.9,,310.3,,299.1,,335.4,
149,Nepal,534,Peaches and nectarines,5530,Producer Price (LCU/tonne),LCU,,,,,,,,,,,,,,,,,,,,,,,,,,,,,,,,,,,,,,,,,25000,,25600,,25600,,25907.2,,26218.1,,26461.5,,28843,
149,Nepal,534,Peaches and nectarines,5531,Producer Price (SLC/tonne),SLC,,,,,,,,,,,,,,,,,,,,,,,,,,,,,,,,,,,,,,,,,25000,,25600,,25600,,25907.2,,26218.1,,26461.5,,28843,
149,Nepal,534,Peaches and nectarines,5532,Producer Price (USD/tonne),USD,,,,,,,,,,,,,,,,,,,,,,,,,,,,,,,,,,,,,,,,,337.7,,300.5,,275.3,,260,,255.4,,246.2,,276.1,
149,Nepal,521,Pears,5530,Producer Price (LCU/tonne),LCU,,,,,,,,,,,,,,,,,,,,,10826,,10990,,11535,,12106,,11447,,12046,,12889,,14357.4,,21372.4,,28211.5,,25000,,28100,,23770,,24055.2,,24343.9,,24569.9,,26781.2,
149,Nepal,521,Pears,5531,Producer Price (SLC/tonne),SLC,,,,,,,,,,,,,,,,,,,,,10826,,10990,,11535,,12106,,11447,,12046,,12889,,14357.4,,21372.4,,28211.5,,25000,,28100,,23770,,24055.2,,24343.9,,24569.9,,26781.2,
149,Nepal,521,Pears,5532,Producer Price (USD/tonne),USD,,,,,,,,,,,,,,,,,,,,,144.4,,141.1,,151.5,,164.3,,160.4,,165.6,,194.1,,205.8,,275.5,,385.1,,337.7,,329.8,,255.6,,241.5,,237.2,,228.6,,256.4,
149,Nepal,587,Persimmons,5530,Producer Price (LCU/tonne),LCU,,,,,,,,,,,,,,,,,,,,,,,,,,,,,,,,,,,,,,,,,24200,,24700,,25880,,26190.6,,26504.8,,26750.9,,29158.5,
149,Nepal,587,Persimmons,5531,Producer Price (SLC/tonne),SLC,,,,,,,,,,,,,,,,,,,,,,,,,,,,,,,,,,,,,,,,,24200,,24700,,25880,,26190.6,,26504.8,,26750.9,,29158.5,
149,Nepal,587,Persimmons,5532,Producer Price (USD/tonne),USD,,,,,,,,,,,,,,,,,,,,,,,,,,,,,,,,,,,,,,,,,326.9,,289.9,,278.3,,262.9,,258.2,,248.9,,279.1,
149,Nepal,197,Pigeon peas,5530,Producer Price (LCU/tonne),LCU,,,10160,,17777.5,F,25395,F,33012.5,F,40630,,15000,,20000,,20000,,21000,,22000,,37000,,30300,,52462,,55178,,56864,,63206,,81602.9,,122215,,122210,,80000,,88000.5,,76000,,76912,,77835,,91945.1,,95094.2,
149,Nepal,197,Pigeon peas,5531,Producer Price (SLC/tonne),SLC,,,10160,,17777.5,F,25395,F,33012.5,F,40630,,15000,,20000,,20000,,21000,,22000,,37000,,30300,,52462,,55178,,56864,,63206,,81602.9,,122215,,122210,,80000,,88000.5,,76000,,76912,,77835,,91945.1,,95094.2,
149,Nepal,197,Pigeon peas,5532,Producer Price (USD/tonne),USD,,,237.8,,365.7,F,514.1,F,636.2,F,716.7,,258.6,,303.1,,293.1,,295.4,,293.5,,475.1,,397.9,,712.1,,773.2,,781.6,,951.7,,1169.7,,1575.5,,1668.1,,1080.8,,1032.9,,817.3,,772,,758.3,,855.6,,910.3,
149,Nepal,574,Pineapples,5530,Producer Price (LCU/tonne),LCU,,,,,,,,,,,,,,,,,,,,,25737,,26429,,29729,,29996,,34073,,33219,,35544,,39592.3,,58937,,62796.8,,41200,,42800,,45250,,45793,,46342.5,,46772.8,,50982.3,
149,Nepal,574,Pineapples,5531,Producer Price (SLC/tonne),SLC,,,,,,,,,,,,,,,,,,,,,25737,,26429,,29729,,29996,,34073,,33219,,35544,,39592.3,,58937,,62796.8,,41200,,42800,,45250,,45793,,46342.5,,46772.8,,50982.3,
149,Nepal,574,Pineapples,5532,Producer Price (USD/tonne),USD,,,,,,,,,,,,,,,,,,,,,343.4,,339.4,,390.4,,407.1,,477.4,,456.6,,535.2,,567.5,,759.8,,857.1,,556.6,,502.4,,486.6,,459.7,,451.5,,435.3,,488,
149,Nepal,536,Plums and sloes,5530,Producer Price (LCU/tonne),LCU,,,,,,,,,,,,,,,,,,,,,10826,,10990,,11535,,12106,,11447,,12046,,12889,,14357.4,,21372.4,,28211.5,,21200,,24700,,24700,,24996.4,,25296.4,,25531.2,,27829,
149,Nepal,536,Plums and sloes,5531,Producer Price (SLC/tonne),SLC,,,,,,,,,,,,,,,,,,,,,10826,,10990,,11535,,12106,,11447,,12046,,12889,,14357.4,,21372.4,,28211.5,,21200,,24700,,24700,,24996.4,,25296.4,,25531.2,,27829,
149,Nepal,536,Plums and sloes,5532,Producer Price (USD/tonne),USD,,,,,,,,,,,,,,,,,,,,,144.4,,141.1,,151.5,,164.3,,160.4,,165.6,,194.1,,205.8,,275.5,,385.1,,286.4,,289.9,,265.6,,250.9,,246.4,,237.6,,266.4,
149,Nepal,116,Potatoes,5530,Producer Price (LCU/tonne),LCU,,,2210,,3700,,5806.3,F,7912.7,F,10019,,6833,,8875,,9750,,9832.5,F,9915,,10000,,7618,,8765,,11646,,15219,,17559,,11370.5,,17557.4,,22824.6,,23854.7,,24254.7,,25200,,27216,,29393,,30286.8,,30644.2,
149,Nepal,116,Potatoes,5531,Producer Price (SLC/tonne),SLC,,,2210,,3700,,5806.3,F,7912.7,F,10019,,6833,,8875,,9750,,9832.5,F,9915,,10000,,7618,,8765,,11646,,15219,,17559,,11370.5,,17557.4,,22824.6,,23854.7,,24254.7,,25200,,27216,,29393,,30286.8,,30644.2,
149,Nepal,116,Potatoes,5532,Producer Price (USD/tonne),USD,,,51.7,,76.1,,117.5,F,152.5,F,176.7,,117.8,,134.5,,142.9,,138.3,F,132.3,,128.4,,100.1,,119,,163.2,,209.2,,264.4,,163,,226.3,,311.5,,322.3,,284.7,,271,,273.2,,286.4,,281.8,,293.3,
149,Nepal,211,"Pulses, nes",5530,Producer Price (LCU/tonne),LCU,,,10160,,17777.5,F,25395,F,33012.5,F,40630,F,15000,F,20000,F,20000,F,21000,F,25152,,28883,,33762,,33303,,33983,,33745,,40494,,45520.2,F,46858,F,60356.1,F,73250,,77000.4,,79000,,79948,,80907.4,,95574.5,,98848,
149,Nepal,211,"Pulses, nes",5531,Producer Price (SLC/tonne),SLC,,,10160,,17777.5,F,25395,F,33012.5,F,40630,F,15000,F,20000,F,20000,F,21000,F,25152,,28883,,33762,,33303,,33983,,33745,,40494,,45520.2,F,46858,F,60356.1,F,73250,,77000.4,,79000,,79948,,80907.4,,95574.5,,98848,
149,Nepal,211,"Pulses, nes",5532,Producer Price (USD/tonne),USD,,,237.8,,365.7,F,514.1,F,636.2,F,716.7,F,258.6,F,303.1,F,293.1,F,295.4,F,335.6,,370.9,,443.4,,452,,476.2,,463.8,,609.7,,652.5,F,604,F,823.8,F,989.6,,903.8,,849.5,,802.5,,788.2,,889.4,,946.2,
149,Nepal,27,"Rice, paddy",5530,Producer Price (LCU/tonne),LCU,,,5440,,6132,,6208,,5540,,6870,,7520,,8311,,7386,,9140,,7946,,9322,,9425,,10351,,10769,,10921,,11139,,12540,,18330,,21430,,20680,,21290,,23500,,25263,,27157,,27982.8,,27000.6,
149,Nepal,27,"Rice, paddy",5531,Producer Price (SLC/tonne),SLC,,,5440,,6132,,6208,,5540,,6870,,7520,,8311,,7386,,9140,,7946,,9322,,9425,,10351,,10769,,10921,,11139,,12540,,18330,,21430,,20680,,21290,,23500,,25263,,27157,,27982.8,,27000.6,
149,Nepal,27,"Rice, paddy",5532,Producer Price (USD/tonne),USD,,,127.3,,126.2,,125.7,,106.8,,121.2,,129.6,,126,,108.2,,128.6,,106,,119.7,,123.8,,140.5,,150.9,,150.1,,167.7,,179.8,,236.3,,292.5,,279.4,,249.9,,252.7,,253.6,,264.6,,260.4,,258.5,
149,Nepal,149,"Roots and tubers, nes",5530,Producer Price (LCU/tonne),LCU,,,,,,,,,,,,,,,,,,,,,,,13000,,9903,F,11394,F,15139.2,F,19783.9,F,22825.8,F,14781,F,22823.7,F,29670.8,F,25400,,31220,,32360,,34948.8,,37744.7,,35767.3,,36189.3,
149,Nepal,149,"Roots and tubers, nes",5531,Producer Price (SLC/tonne),SLC,,,,,,,,,,,,,,,,,,,,,,,13000,,9903,F,11394,F,15139.2,F,19783.9,F,22825.8,F,14781,F,22823.7,F,29670.8,F,25400,,31220,,32360,,34948.8,,37744.7,,35767.3,,36189.3,
149,Nepal,149,"Roots and tubers, nes",5532,Producer Price (USD/tonne),USD,,,,,,,,,,,,,,,,,,,,,,,166.9,,130.1,F,154.7,F,212.1,F,271.9,F,343.7,F,211.9,F,294.2,F,405,F,343.2,,366.4,,348,,350.8,,367.7,,332.8,,346.4,
149,Nepal,328,Seed cotton,5530,Producer Price (LCU/tonne),LCU,,,,,,,,,,,,,,,,,,,,,13590.4,Fc,17342.2,Fc,16360.7,Fc,14969.6,Fc,18298.7,Fc,19802,Fc,22574.3,Fc,23407.4,Fc,27526.1,Fc,15949.6,Fc,16825,Fc,20462,Fc,20462.1,Fc,23531.3,Fc,27061.1,Fc,28112.7,Fc,,
149,Nepal,328,Seed cotton,5531,Producer Price (SLC/tonne),SLC,,,,,,,,,,,,,,,,,,,,,13590.4,Fc,17342.2,Fc,16360.7,Fc,14969.6,Fc,18298.7,Fc,19802,Fc,22574.3,Fc,23407.4,Fc,27526.1,Fc,15949.6,Fc,16825,Fc,20462,Fc,20462.1,Fc,23531.3,Fc,27061.1,Fc,28112.7,Fc,,
149,Nepal,328,Seed cotton,5532,Producer Price (USD/tonne),USD,,,,,,,,,,,,,,,,,,,,,181.3,Fc,222.7,Fc,214.9,Fc,203.2,Fc,256.4,Fc,272.2,Fc,339.9,Fc,335.5,Fc,354.8,Fc,217.7,Fc,227.3,Fc,240.2,Fc,220,Fc,236.2,Fc,263.6,Fc,261.6,Fc,,
149,Nepal,236,Soybeans,5530,Producer Price (LCU/tonne),LCU,,,,,,,,,,,,,20710,,23133,,25354,,25970,,26670,,28590,,30760,,30989,,30888,,33013,,34656,,36514.7,,46739.5,,53188.4,,58962.9,,69800,,71230,,81914.5,,94201.7,,97862.6,,101214.4,
149,Nepal,236,Soybeans,5531,Producer Price (SLC/tonne),SLC,,,,,,,,,,,,,20710,,23133,,25354,,25970,,26670,,28590,,30760,,30989,,30888,,33013,,34656,,36514.7,,46739.5,,53188.4,,58962.9,,69800,,71230,,81914.5,,94201.7,,97862.6,,101214.4,
149,Nepal,236,Soybeans,5532,Producer Price (USD/tonne),USD,,,,,,,,,,,,,357,,350.6,,371.5,,365.3,,355.8,,367.1,,404,,420.6,,432.8,,453.8,,521.8,,523.4,,602.5,,726,,796.6,,819.3,,766,,822.2,,917.7,,910.7,,968.8,
149,Nepal,723,"Spices, nes",5530,Producer Price (LCU/tonne),LCU,,,,,,,,,,,,,,,27333,,28623,,38950,,29980,,40000,,,,,,,,,,,,,,,,,,,,,,,,,,,,,,,
149,Nepal,723,"Spices, nes",5531,Producer Price (SLC/tonne),SLC,,,,,,,,,,,,,,,27333,,28623,,38950,,29980,,40000,,,,,,,,,,,,,,,,,,,,,,,,,,,,,,,
149,Nepal,723,"Spices, nes",5532,Producer Price (USD/tonne),USD,,,,,,,,,,,,,,,414.3,,419.4,,547.9,,400,,513.6,,,,,,,,,,,,,,,,,,,,,,,,,,,,,,,
149,Nepal,156,Sugar cane,5530,Producer Price (LCU/tonne),LCU,680,,710,,833,F,841,F,855,F,1010,F,1000,,995,F,1100,F,1204,F,1165,,1491,,1401,,1275,,1556,,1680,,1915,,1722.4,,4010,,4010,,4110,,4810,,4300,,4600,,4727,,5300,,5310,
149,Nepal,156,Sugar cane,5531,Producer Price (SLC/tonne),SLC,680,,710,,833,F,841,F,855,F,1010,F,1000,,995,F,1100,F,1204,F,1165,,1491,,1401,,1275,,1556,,1680,,1915,,1722.4,,4010,,4010,,4110,,4810,,4300,,4600,,4727,,5300,,5310,
149,Nepal,156,Sugar cane,5532,Producer Price (USD/tonne),USD,18.3,,16.6,,17.1,F,17,F,16.5,F,17.8,F,17.2,,15.1,F,16.1,F,16.9,F,15.5,,19.1,,18.4,,17.3,,21.8,,23.1,,28.8,,24.7,,51.7,,54.7,,55.5,,56.5,,46.2,,46.2,,46.1,,49.3,,50.8,
149,Nepal,122,Sweet potatoes,5530,Producer Price (LCU/tonne),LCU,,,,,,,,,,,,,,,,,,,,,7375,,7522,,7898,,8530,,8480,,9867,,10558,,,,,,,,,,,,,,,,,,,,,
149,Nepal,122,Sweet potatoes,5531,Producer Price (SLC/tonne),SLC,,,,,,,,,,,,,,,,,,,,,7375,,7522,,7898,,8530,,8480,,9867,,10558,,,,,,,,,,,,,,,,,,,,,
149,Nepal,122,Sweet potatoes,5532,Producer Price (USD/tonne),USD,,,,,,,,,,,,,,,,,,,,,98.4,,96.6,,103.7,,115.8,,118.8,,135.6,,159,,,,,,,,,,,,,,,,,,,,,
149,Nepal,667,Tea,5530,Producer Price (LCU/tonne),LCU,,,,,,,,,,,,,,,,,,,,,16472,,21019,,19829,,18143,,22178,,24000,,25440,,26663.3,,27000,,29000,,32400,,33500,,34500,,39916.5,,46183.4,,47978.2,,49609.4,
149,Nepal,667,Tea,5531,Producer Price (SLC/tonne),SLC,,,,,,,,,,,,,,,,,,,,,16472,,21019,,19829,,18143,,22178,,24000,,25440,,26663.3,,27000,,29000,,32400,,33500,,34500,,39916.5,,46183.4,,47978.2,,49609.4,
149,Nepal,667,Tea,5532,Producer Price (USD/tonne),USD,,,,,,,,,,,,,,,,,,,,,219.8,,269.9,,260.4,,246.3,,310.8,,329.9,,383,,382.2,,348.1,,395.8,,437.7,,393.2,,371,,400.7,,449.9,,446.5,,474.9,
149,Nepal,826,"Tobacco, unmanufactured",5530,Producer Price (LCU/tonne),LCU,,,33160,,30335,,31752.9,F,33284.4,F,32653,F,33983.3,F,32018.7,F,33440,F,34360.6,F,33900,,33900,,33900,,33900,,33900,,33900,,38646,,39359.2,,46284.7,,90681.7,,85000,,101500,,105620,,121463,,139682.5,,145110.8,,150080.9,
149,Nepal,826,"Tobacco, unmanufactured",5531,Producer Price (SLC/tonne),SLC,,,33160,,30335,,31752.9,F,33284.4,F,32653,F,33983.3,F,32018.7,F,33440,F,34360.6,F,33900,,33900,,33900,,33900,,33900,,33900,,38646,,39359.2,,46284.7,,90681.7,,85000,,101500,,105620,,121463,,139682.5,,145110.8,,150080.9,
149,Nepal,826,"Tobacco, unmanufactured",5532,Producer Price (USD/tonne),USD,,,776.3,,624.1,,642.8,F,641.4,F,576,F,585.8,F,485.3,F,490,F,483.3,F,452.3,,435.3,,445.2,,460.1,,475,,465.9,,581.9,,564.2,,596.7,,1237.8,,1148.3,,1191.4,,1135.8,,1219.2,,1360.8,,1350.4,,1436.6,
149,Nepal,388,Tomatoes,5530,Producer Price (LCU/tonne),LCU,,,,,,,,,,,22023,,22230,,21597,,28589,,24888,,25129,,25319,,24487,,25902,,18480,,25761,,27357.2,F,28953.4,F,30549.6,F,33742,,33742,,,,,,,,,,,,,
149,Nepal,388,Tomatoes,5531,Producer Price (SLC/tonne),SLC,,,,,,,,,,,22023,,22230,,21597,,28589,,24888,,25129,,25319,,24487,,25902,,18480,,25761,,27357.2,F,28953.4,F,30549.6,F,33742,,33742,,,,,,,,,,,,,
149,Nepal,388,Tomatoes,5532,Producer Price (USD/tonne),USD,,,,,,,,,,,388.5,,383.2,,327.3,,419,,350.1,,335.3,,325.1,,321.6,,351.6,,258.9,,354.1,,411.9,F,415,F,393.8,F,460.6,,455.8,,,,,,,,,,,,,
149,Nepal,463,"Vegetables, fresh nes",5530,Producer Price (LCU/tonne),LCU,,,,,,,,,,,,,,,,,,,11000,,10650,,14000,,10500,,13620,,15149,,15756,,16859,,18951.6,F,19508.6,F,25128.3,F,35300,,36700,,37390,,37838.7,,38292.7,,38473.7,,41767.1,
149,Nepal,463,"Vegetables, fresh nes",5531,Producer Price (SLC/tonne),SLC,,,,,,,,,,,,,,,,,,,11000,,10650,,14000,,10500,,13620,,15149,,15756,,16859,,18951.6,F,19508.6,F,25128.3,F,35300,,36700,,37390,,37838.7,,38292.7,,38473.7,,41767.1,
149,Nepal,463,"Vegetables, fresh nes",5532,Producer Price (USD/tonne),USD,,,,,,,,,,,,,,,,,,,154.7,,142.1,,179.8,,137.9,,184.9,,212.3,,216.6,,253.8,,271.7,F,251.5,F,343,F,476.9,,430.8,,402.1,,379.8,,373.1,,358,,399.8,
149,Nepal,222,"Walnuts, with shell",5530,Producer Price (LCU/tonne),LCU,,,,,,,,,,,,,,,,,,,,,41300,,44391,,45900,,48087,,47619,,50000,,61500,,69133.5,F,71165.3,F,91665.4,F,121321.4,,124961,,124961,,126460.5,,127978.1,,124603,,122110.9,
149,Nepal,222,"Walnuts, with shell",5531,Producer Price (SLC/tonne),SLC,,,,,,,,,,,,,,,,,,,,,41300,,44391,,45900,,48087,,47619,,50000,,61500,,69133.5,F,71165.3,F,91665.4,F,121321.4,,124961,,124961,,126460.5,,127978.1,,124603,,122110.9,
149,Nepal,222,"Walnuts, with shell",5532,Producer Price (USD/tonne),USD,,,,,,,,,,,,,,,,,,,,,551,,570,,602.8,,652.7,,667.2,,687.2,,926,,991,F,917.4,F,1251.2,F,1639,,1466.7,,1343.8,,1269.4,,1246.8,,1159.5,,1168.9,
149,Nepal,15,Wheat,5530,Producer Price (LCU/tonne),LCU,4594,,4880,,5725,,5780,,5880,,6940,,7900,,7860,,8688,F,9515,,9791,,9815,,9880,,10752,,11790,,11952,,13625,,15381.1,,17016.1,,19790,,21630,,21710,,23900,,25812,,27877,,28724.4,,29063.3,
149,Nepal,15,Wheat,5531,Producer Price (SLC/tonne),SLC,4594,,4880,,5725,,5780,,5880,,6940,,7900,,7860,,8688,F,9515,,9791,,9815,,9880,,10752,,11790,,11952,,13625,,15381.1,,17016.1,,19790,,21630,,21710,,23900,,25812,,27877,,28724.4,,29063.3,
149,Nepal,15,Wheat,5532,Producer Price (USD/tonne),USD,123.3,,114.2,,117.8,,117,,113.3,,122.4,,136.2,,119.1,,127.3,F,133.8,,130.6,,126,,129.8,,145.9,,165.2,,164.3,,205.1,,220.5,,219.4,,270.1,,292.2,,254.8,,257,,259.1,,271.6,,267.3,,278.2,
149,Nepal,987,"Wool, greasy",5530,Producer Price (LCU/tonne),LCU,,,,,,,,,,,,,,,,,,,,,63070,,65848,,69277,,74597,,79680,,85000,,90950,,97345.8,,130000,,137000,,148050.6,,160258.2,,160258.2,,161219.8,,162187.1,,168490,,179104.9,
149,Nepal,987,"Wool, greasy",5531,Producer Price (SLC/tonne),SLC,,,,,,,,,,,,,,,,,,,,,63070,,65848,,69277,,74597,,79680,,85000,,90950,,97345.8,,130000,,137000,,148050.6,,160258.2,,160258.2,,161219.8,,162187.1,,168490,,179104.9,
149,Nepal,987,"Wool, greasy",5532,Producer Price (USD/tonne),USD,,,,,,,,,,,,,,,,,,,,,841.5,,845.5,,909.8,,1012.5,,1116.5,,1168.3,,1369.4,,1395.4,,1675.8,,1870,,2000.1,,1881,,1723.3,,1618.3,,1580.1,,1567.9,,1714.4,
